{"cameraMode":{"drawMode":0,"name":"Shaded","section":"Shading Mode"},"sceneLighting":false,"audioPlay":false,"sceneViewState":{"showFog":true,"showMaterialUpdate":false,"showSkybox":false,"showFlares":true,"showImageEffects":true,"showParticleSystems":true},"in2DMode":false,"pivot":{"x":4.443888187408447,"y":31.95279884338379,"z":-13.107412338256836},"rotation":{"x":-0.09468488395214081,"y":0.9045094847679138,"z":-0.3250275254249573,"w":-0.2598501145839691},"size":2.458502769470215,"orthographic":false}