{"cameraMode":{"drawMode":0,"name":"Shaded","section":"Shading Mode"},"sceneLighting":false,"audioPlay":false,"sceneViewState":{"showFog":true,"showMaterialUpdate":false,"showSkybox":false,"showFlares":true,"showImageEffects":true,"showParticleSystems":true},"in2DMode":false,"pivot":{"x":2.088214159011841,"y":31.590858459472658,"z":-13.043105125427246},"rotation":{"x":-0.037586238235235217,"y":-0.8699261546134949,"z":0.4870731234550476,"w":-0.0696932002902031},"size":10.95877456665039,"orthographic":false}