{"cameraMode":{"drawMode":0,"name":"Shaded","section":"Shading Mode"},"sceneLighting":true,"audioPlay":false,"sceneViewState":{"showFog":true,"showMaterialUpdate":false,"showSkybox":true,"showFlares":true,"showImageEffects":true,"showParticleSystems":true},"in2DMode":false,"pivot":{"x":-1.2292815446853638,"y":40.90495681762695,"z":-74.15202331542969},"rotation":{"x":-0.23070156574249268,"y":-0.01493989210575819,"z":0.004483839031308889,"w":-0.9730176329612732},"size":3.015352964401245,"orthographic":false}