{"cameraMode":{"drawMode":0,"name":"Shaded","section":"Shading Mode"},"sceneLighting":true,"audioPlay":false,"sceneViewState":{"showFog":true,"showMaterialUpdate":false,"showSkybox":true,"showFlares":true,"showImageEffects":true,"showParticleSystems":true},"in2DMode":false,"pivot":{"x":-40.74500274658203,"y":20.17111587524414,"z":-63.41908645629883},"rotation":{"x":0.35873737931251528,"y":-0.4183635115623474,"z":0.18278709053993226,"w":0.8143428564071655},"size":22.0,"orthographic":false}